{
	"partitions" : [
		{
			"name" : "Top",
			"pins" : [
				{
					"name" : "hexo[0]",
					"strict" : false
				},
				{
					"name" : "hexo[1]",
					"strict" : false
				},
				{
					"name" : "hexo[2]",
					"strict" : false
				},
				{
					"name" : "hexo[3]",
					"strict" : false
				},
				{
					"name" : "hexo[4]",
					"strict" : false
				},
				{
					"name" : "hexo[5]",
					"strict" : false
				},
				{
					"name" : "hexo[6]",
					"strict" : false
				},
				{
					"name" : "hex1[0]",
					"strict" : false
				},
				{
					"name" : "hex1[1]",
					"strict" : false
				},
				{
					"name" : "hex1[2]",
					"strict" : false
				},
				{
					"name" : "hex1[3]",
					"strict" : false
				},
				{
					"name" : "hex1[4]",
					"strict" : false
				},
				{
					"name" : "hex1[5]",
					"strict" : false
				},
				{
					"name" : "hex1[6]",
					"strict" : false
				},
				{
					"name" : "audioout",
					"strict" : false
				},
				{
					"name" : "a",
					"strict" : false
				},
				{
					"name" : "c",
					"strict" : false
				},
				{
					"name" : "e",
					"strict" : false
				},
				{
					"name" : "f",
					"strict" : false
				},
				{
					"name" : "d",
					"strict" : false
				},
				{
					"name" : "b",
					"strict" : false
				},
				{
					"name" : "g",
					"strict" : false
				},
				{
					"name" : "clk",
					"strict" : false
				}
			]
		}
	]
}